{"cameraMode":{"drawMode":0,"name":"Shaded","section":"Shading Mode"},"sceneLighting":false,"audioPlay":false,"sceneViewState":{"showFog":true,"showMaterialUpdate":false,"showSkybox":false,"showFlares":true,"showImageEffects":true,"showParticleSystems":true},"in2DMode":false,"pivot":{"x":29.996788024902345,"y":7.194939613342285,"z":-25.02955436706543},"rotation":{"x":0.0006783934659324586,"y":-0.002779212314635515,"z":0.000045861183025408536,"w":0.9999959468841553},"size":2.067945718765259,"orthographic":true}